"Post ID",Permalink,"Post Message",Type,Countries,Languages,Posted,"Audience targeting","Lifetime Post Total Reach","Lifetime Post organic reach","Lifetime Post Paid Reach","Lifetime Post Total Impressions","Lifetime Post Organic Impressions","Lifetime Post Paid Impressions","Lifetime Engaged Users","Lifetime Matched Audience Targeting Consumers on Post","Lifetime Matched Audience Targeting Consumptions on Post","Lifetime Negative Feedback from Users","Lifetime Negative Feedback","Lifetime Post Impressions by people who have liked your Page","Lifetime Post reach by people who like your Page","Lifetime Post Paid Impressions by people who have liked your Page","Lifetime Paid reach of a post by people who like your Page","Lifetime People who have liked your Page and engaged with your post","Lifetime Organic views to 95%","Lifetime Organic views to 95%","Lifetime Paid views to 95%","Lifetime Paid views to 95%","Lifetime Organic Video Views","Lifetime Organic Video Views","Lifetime Paid Video Views","Lifetime Paid Video Views","Lifetime Average time video viewed","Lifetime Video length","Lifetime Talking About This (Post) by action type - share","Lifetime Talking About This (Post) by action type - like","Lifetime Talking About This (Post) by action type - comment","Lifetime Post Stories by action type - share","Lifetime Post Stories by action type - like","Lifetime Post Stories by action type - comment","Lifetime Post Audience Targeting Unique Consumptions by Type - other clicks","Lifetime Post Audience Targeting Unique Consumptions by Type - photo view","Lifetime Post Audience Targeting Unique Consumptions by Type - link clicks","Lifetime Matched Audience Targeting Consumptions by Type - other clicks","Lifetime Matched Audience Targeting Consumptions by Type - photo view","Lifetime Matched Audience Targeting Consumptions by Type - link clicks","Lifetime Negative Feedback from Users by Type - hide_all_clicks","Lifetime Negative Feedback from Users by Type - hide_clicks","Lifetime Negative Feedback by Type - hide_all_clicks","Lifetime Negative Feedback by Type - hide_clicks"
,,,,,,,,"Lifetime: The number of people who had your Page's post enter their screen. Posts include statuses, photos, links, videos and more. (Unique Users)","Lifetime: The number of people who had your Page's post enter their screen through unpaid distribution. (Unique Users)","Lifetime: The number of people who had your Page's post enter their screen through paid distribution such as an ad. (Unique Users)","Lifetime: The number of times your Page's post entered a person's screen. Posts include statuses, photos, links, videos and more. (Total Count)","Lifetime: The number of times your Page's posts entered a person's screen through unpaid distribution. (Total Count)","Lifetime: The number of times your Page's post entered a person's screen through paid distribution such as an ad. (Total Count)","Lifetime: The number of unique people who engaged in certain ways with your Page post, for example by commenting on, liking, sharing, or clicking upon particular elements of the post. (Unique Users)","Lifetime: The number of people who matched the audience targeting that clicked anywhere in your post on News Feed. (Unique Users)","Lifetime: The number of clicks anywhere in your post on News Feed from the user that matched the audience targeting on it. (Total Count)","Lifetime: The number of people who have given negative feedback to your post. (Unique Users)","Lifetime: The number of times people have given negative feedback to your post. (Total Count)","Lifetime: The number of impressions of your Page post to people who have liked your Page. (Total Count)","Lifetime: The number of people who saw your Page post because they've liked your Page (Unique Users)","Lifetime: The number of paid impressions of your Page post to people who have liked your Page. (Total Count)","Lifetime: The number of people who like your Page and who saw your Page post in an ad or sponsored story. (Unique Users)","Lifetime: The number of people who have liked your Page and clicked anywhere in your posts. (Unique Users)","Lifetime: Number of times your video was viewed to 95% of its length without any paid promotion. (Unique Users)","Lifetime: Number of times your video was viewed to 95% of its length without any paid promotion. (Total Count)","Lifetime: Number of times your video was viewed to 95% of its length after paid promotion. (Unique Users)","Lifetime: Number of times your video was viewed to 95% of its length after paid promotion. (Total Count)","Lifetime: Number of times your video was viewed for more than 3 seconds without any paid promotion. (Unique Users)","Lifetime: Number of times your video was viewed for more than 3 seconds without any paid promotion. (Total Count)","Lifetime: Number of times your video was viewed more than 3 seconds after paid promotion. (Unique Users)","Lifetime: Number of times your video was viewed more than 3 seconds after paid promotion. (Total Count)","Lifetime: Average time video viewed (Total Count)","Lifetime: Length of a video post (Total Count)","Lifetime: The number of unique people who created a story about your Page post by interacting with it. (Unique Users)",,,"Lifetime: The number of stories created about your Page post, by action type. (Total Count)",,,"Lifetime: The number of people who matched the audience targeting on the post that clicked anywhere in the post on News Feed, by type. (Unique Users)",,,"Lifetime: The number of clicks anywhere in the post on News Feed from users that matched the audience targeting on the post, by type. (Total Count)",,,"Lifetime: The number of times people have given negative feedback to your post, by type. (Total Count)",,"Lifetime: The number of people who have given negative feedback to your post, by type. (Unique Users)",
1648117625493239_1952763691695296,https://www.facebook.com/alvarcarto/posts/1952763691695296,"This year we decided to skip the pumpkin carving and give you a spookylicious promo code instead. Use code TRANSYLVANIA to get -10% at the checkout. Happy Halloween! üéÉüëª

Link to shop: https://design.alvarcarto.com",Photo,,,"10/31/2018 08:00:02 AM"," ",1122,1122,0,1595,1595,0,43,29,37,0,0,1026,738,0,0,29,0,0,0,0,0,0,0,0,0,0,3,18,,3,20,,20,4,8,25,4,8,,,,
1648117625493239_1941925962779069,https://www.facebook.com/alvarcarto/posts/1941925962779069,"Happy October everyone! We are giving away a few early Christmas presents. üéÅGIVEAWAYüéÅ

Who you would give an early Christmas present to? Tag them in a comment below and you can both win free maps from a city of your choice. The giveaway ends on Friday October 12th at 17:00 Helsinki time.",Photo,,,"10/07/2018 04:25:29 AM"," ",1558,1558,0,2430,2430,0,113,87,131,2,2,2020,1297,0,0,93,0,0,0,0,0,0,0,0,0,0,1,32,39,1,32,41,75,19,,108,23,,2,,2,
1648117625493239_1882529468718719,https://www.facebook.com/alvarcarto/posts/1882529468718719:0,"Alvar Carto map as a wallpaper at #asuntomessut2018 in Villa Karhu üòç Made in collaboration with Tapetit.fi. 

üì∑ and interior design by Visualaddict

#alvarcarto #asuntomessut2018 #interiordesign #interior #homedecor #scandinavian #design #scandinavianhome #recycle",Photo,,,"07/18/2018 09:57:28 PM"," ",1728,1728,0,2502,2502,0,176,128,192,1,1,1608,1119,0,0,115,0,0,0,0,0,0,0,0,0,0,4,70,9,4,70,14,111,28,,158,34,,,1,,1

